[{"id":"b57c13d2.f3e5f","type":"tab","label":"Lab1","disabled":false,"info":""},{"id":"435a7720.0096d8","type":"tab","label":"Lab2","disabled":false,"info":""},{"id":"56a8304f.26f4a","type":"tab","label":"Auth ngrok","disabled":false,"info":""},{"id":"e02a519b.e86ab","type":"ui_base","theme":{"name":"theme-dark","lightTheme":{"default":"#0094CE","baseColor":"#0094CE","baseFont":"-apple-system,BlinkMacSystemFont,Segoe UI,Roboto,Oxygen-Sans,Ubuntu,Cantarell,Helvetica Neue,sans-serif","edited":true,"reset":false},"darkTheme":{"default":"#097479","baseColor":"#097479","baseFont":"-apple-system,BlinkMacSystemFont,Segoe UI,Roboto,Oxygen-Sans,Ubuntu,Cantarell,Helvetica Neue,sans-serif","edited":true,"reset":false},"customTheme":{"name":"Untitled Theme 1","default":"#4B7930","baseColor":"#4B7930","baseFont":"-apple-system,BlinkMacSystemFont,Segoe UI,Roboto,Oxygen-Sans,Ubuntu,Cantarell,Helvetica Neue,sans-serif","reset":false},"themeState":{"base-color":{"default":"#097479","value":"#097479","edited":true},"page-titlebar-backgroundColor":{"value":"#097479","edited":false},"page-backgroundColor":{"value":"#111111","edited":false},"page-sidebar-backgroundColor":{"value":"#333333","edited":false},"group-textColor":{"value":"#0eb8c0","edited":false},"group-borderColor":{"value":"#555555","edited":false},"group-backgroundColor":{"value":"#333333","edited":false},"widget-textColor":{"value":"#eeeeee","edited":false},"widget-backgroundColor":{"value":"#097479","edited":false},"widget-borderColor":{"value":"#333333","edited":false},"base-font":{"value":"-apple-system,BlinkMacSystemFont,Segoe UI,Roboto,Oxygen-Sans,Ubuntu,Cantarell,Helvetica Neue,sans-serif"}},"angularTheme":{"primary":"indigo","accents":"blue","warn":"red","background":"grey"}},"site":{"name":"IoT Enabled Smart Laboratory","hideToolbar":"false","allowSwipe":"false","lockMenu":"true","allowTempTheme":"true","dateFormat":"DD/MM/YYYY","sizes":{"sx":48,"sy":48,"gx":6,"gy":6,"cx":6,"cy":6,"px":0,"py":0}}},{"id":"cadcef25.be297","type":"ui_tab","name":"Lab 2","icon":"computer","order":3,"disabled":false,"hidden":false},{"id":"56d52318.cb7a0c","type":"ui_group","name":"Lab 2 Switches","tab":"cadcef25.be297","order":1,"disp":true,"width":"6","collapse":true},{"id":"b313b1fd.cfe0b","type":"ui_tab","name":"Lab 1","icon":"computer","order":1,"disabled":false,"hidden":false},{"id":"ab80ea25.242998","type":"ui_group","name":"Lab 1 Switches","tab":"b313b1fd.cfe0b","order":1,"disp":true,"width":"6","collapse":false},{"id":"5a8713ef.70a94c","type":"ngrokauth"},{"id":"899b11e9.da0e","type":"ui_group","name":"Lab 1 Scheduler","tab":"b313b1fd.cfe0b","order":2,"disp":true,"width":"6","collapse":false},{"id":"fda16908.767528","type":"ui_group","name":"Lab 2 Scheduler","tab":"cadcef25.be297","order":2,"disp":true,"width":"6","collapse":false},{"id":"849fee06.79de1","type":"noraf-config","name":"nora config","group":"","twofactor":"off","twofactorpin":"","localexecution":true,"structure":""},{"id":"69750f69.8448","type":"rpi-gpio out","z":"b57c13d2.f3e5f","name":"gpio26 pin37","pin":"37","set":true,"level":"0","freq":"","out":"out","x":930,"y":220,"wires":[]},{"id":"894768be.bbc018","type":"rpi-gpio out","z":"b57c13d2.f3e5f","name":"gpio19 pin35","pin":"35","set":true,"level":"0","freq":"","out":"out","x":930,"y":300,"wires":[]},{"id":"236ca67e.95933a","type":"rpi-gpio out","z":"b57c13d2.f3e5f","name":"gpio13 pin33","pin":"33","set":true,"level":"0","freq":"","out":"out","x":930,"y":380,"wires":[]},{"id":"27f9ae8a.1dcda2","type":"rpi-gpio out","z":"b57c13d2.f3e5f","name":"gpio06 pin31","pin":"31","set":true,"level":"0","freq":"","out":"out","x":930,"y":460,"wires":[]},{"id":"38e98be4.aac894","type":"ui_switch","z":"b57c13d2.f3e5f","name":"R1-1 Front Light","label":"Front Row Light","tooltip":"","group":"ab80ea25.242998","order":2,"width":"0","height":"0","passthru":true,"decouple":"false","topic":"topic","topicType":"msg","style":"","onvalue":"true","onvalueType":"bool","onicon":"","oncolor":"","offvalue":"false","offvalueType":"bool","officon":"","offcolor":"","animate":false,"x":680,"y":220,"wires":[["69750f69.8448"]],"inputLabels":["ON"],"outputLabels":["Off"]},{"id":"ebba658f.1f6ba8","type":"ui_switch","z":"b57c13d2.f3e5f","name":"R1-2 Fan","label":"Fan","tooltip":"","group":"ab80ea25.242998","order":3,"width":"0","height":"0","passthru":true,"decouple":"false","topic":"topic","topicType":"msg","style":"","onvalue":"true","onvalueType":"bool","onicon":"","oncolor":"","offvalue":"false","offvalueType":"bool","officon":"","offcolor":"","animate":false,"x":660,"y":300,"wires":[["894768be.bbc018"]]},{"id":"3da5de73.85f7f2","type":"ui_switch","z":"b57c13d2.f3e5f","name":"R2-1 AC","label":"AC","tooltip":"","group":"ab80ea25.242998","order":4,"width":"0","height":"0","passthru":true,"decouple":"false","topic":"topic","topicType":"msg","style":"","onvalue":"true","onvalueType":"bool","onicon":"","oncolor":"","offvalue":"false","offvalueType":"bool","officon":"","offcolor":"","animate":false,"x":660,"y":380,"wires":[["236ca67e.95933a"]]},{"id":"14a70986.5d0be6","type":"ui_switch","z":"b57c13d2.f3e5f","name":"R2-2 Back Row Light","label":"Back Light","tooltip":"","group":"ab80ea25.242998","order":5,"width":"0","height":"0","passthru":true,"decouple":"false","topic":"topic","topicType":"msg","style":"","onvalue":"true","onvalueType":"bool","onicon":"","oncolor":"","offvalue":"false","offvalueType":"bool","officon":"","offcolor":"","animate":false,"x":700,"y":460,"wires":[["27f9ae8a.1dcda2"]]},{"id":"f61192bc.348f9","type":"ui_switch","z":"b57c13d2.f3e5f","name":"","label":"Turn All ON/OFF","tooltip":"","group":"ab80ea25.242998","order":1,"width":0,"height":0,"passthru":true,"decouple":"false","topic":"topic","topicType":"msg","style":"","onvalue":"true","onvalueType":"bool","onicon":"","oncolor":"","offvalue":"false","offvalueType":"bool","officon":"","offcolor":"","animate":false,"x":270,"y":560,"wires":[["38e98be4.aac894","ebba658f.1f6ba8","3da5de73.85f7f2","14a70986.5d0be6"]]},{"id":"1cbbfcfc.991f73","type":"ui_switch","z":"435a7720.0096d8","name":"R3-1 Front Row Light","label":"Front Row Light","tooltip":"","group":"56d52318.cb7a0c","order":2,"width":"","height":"","passthru":true,"decouple":"false","topic":"","topicType":"str","onvalue":"0","onvalueType":"num","onicon":"","oncolor":"","offvalue":"1","offvalueType":"num","officon":"","offcolor":"","animate":true,"x":680,"y":220,"wires":[["129f0894.b89e67"]]},{"id":"129f0894.b89e67","type":"rpi-gpio out","z":"435a7720.0096d8","name":"gpio23 pin16","pin":"16","set":false,"level":"1","freq":"","out":"out","x":970,"y":220,"wires":[]},{"id":"6fb47ec3.b166f","type":"rpi-gpio out","z":"435a7720.0096d8","name":"gpio18 pin18","pin":"18","set":true,"level":"1","freq":"","out":"out","x":970,"y":300,"wires":[]},{"id":"aba963ad.58ad8","type":"rpi-gpio out","z":"435a7720.0096d8","name":"gpio17 pin11","pin":"11","set":true,"level":"1","freq":"","out":"out","x":970,"y":380,"wires":[]},{"id":"72f0276e.67c018","type":"rpi-gpio out","z":"435a7720.0096d8","name":"gpio27 pin13","pin":"13","set":true,"level":"1","freq":"","out":"out","x":970,"y":460,"wires":[]},{"id":"232383f5.d2337c","type":"ui_switch","z":"435a7720.0096d8","name":"R3-2 Front Row Fan","label":"Front Row Fan","tooltip":"","group":"56d52318.cb7a0c","order":3,"width":"","height":"","passthru":true,"decouple":"false","topic":"","topicType":"str","onvalue":"0","onvalueType":"num","onicon":"","oncolor":"","offvalue":"1","offvalueType":"num","officon":"","offcolor":"","animate":true,"x":680,"y":300,"wires":[["6fb47ec3.b166f"]]},{"id":"877fd1ad.d13bd","type":"ui_switch","z":"435a7720.0096d8","name":"R4-1 Back Row Fan","label":"Back Row Fan","tooltip":"","group":"56d52318.cb7a0c","order":4,"width":"","height":"","passthru":true,"decouple":"false","topic":"","topicType":"str","onvalue":"0","onvalueType":"num","onicon":"","oncolor":"","offvalue":"1","offvalueType":"num","officon":"","offcolor":"","animate":true,"x":680,"y":380,"wires":[["aba963ad.58ad8"]]},{"id":"734bd9ae.bc6818","type":"ui_switch","z":"435a7720.0096d8","name":"R4-2 Projector Plug","label":"Projector Plug","tooltip":"","group":"56d52318.cb7a0c","order":5,"width":"","height":"","passthru":true,"decouple":"false","topic":"","topicType":"str","onvalue":"0","onvalueType":"num","onicon":"","oncolor":"","offvalue":"1","offvalueType":"num","officon":"","offcolor":"","animate":true,"x":670,"y":460,"wires":[["72f0276e.67c018"]]},{"id":"45e02d85.a62044","type":"ngrok","z":"56a8304f.26f4a","buttonState":false,"port":"1880","creds":"5a8713ef.70a94c","region":"in","proto":"http","subdomain":"","name":"","auth":"","inputtype":"port","inputs":1,"x":430,"y":220,"wires":[["ee523d8a.a5488"]]},{"id":"1b78fb3e.a7f9f5","type":"inject","z":"56a8304f.26f4a","name":"ngrok on","props":[{"p":"payload"},{"p":"topic","vt":"str"}],"repeat":"","crontab":"","once":false,"onceDelay":0.1,"topic":"","payload":"on","payloadType":"str","x":240,"y":180,"wires":[["45e02d85.a62044"]]},{"id":"30631e56.c17822","type":"inject","z":"56a8304f.26f4a","name":"ngrok off","props":[{"p":"payload"},{"p":"topic","vt":"str"}],"repeat":"","crontab":"","once":false,"onceDelay":0.1,"topic":"","payload":"","payloadType":"str","x":240,"y":320,"wires":[["45e02d85.a62044"]]},{"id":"ee523d8a.a5488","type":"debug","z":"56a8304f.26f4a","name":"","active":true,"tosidebar":true,"console":false,"tostatus":false,"complete":"payload","targetType":"msg","statusVal":"","statusType":"auto","x":640,"y":220,"wires":[]},{"id":"41ed90d8.615dc","type":"ui_time_scheduler","z":"b57c13d2.f3e5f","group":"899b11e9.da0e","name":"Lab 1 Scheduler","startDay":0,"refresh":60,"devices":["Front Light","Fan","AC","Back Row Light"],"onlySendChange":false,"customPayload":false,"eventMode":false,"eventOptions":[],"sendTopic":false,"lat":"","lon":"","outputs":5,"order":1,"width":0,"height":0,"x":280,"y":100,"wires":[["38e98be4.aac894"],["ebba658f.1f6ba8"],["3da5de73.85f7f2"],["14a70986.5d0be6"],[]]},{"id":"e0ad3adc.b3b1a8","type":"noraf-switch","z":"b57c13d2.f3e5f","devicename":"AC Switch","roomhint":"Lab 1","name":"","passthru":false,"nora":"849fee06.79de1","topic":"","onvalue":"true","onvalueType":"bool","offvalue":"false","offvalueType":"bool","twofactorpin":"","x":270,"y":380,"wires":[["3da5de73.85f7f2"]]},{"id":"35d58ea1.566b02","type":"noraf-switch","z":"b57c13d2.f3e5f","devicename":"Fan Switch","roomhint":"Lab 1","name":"","passthru":false,"nora":"849fee06.79de1","topic":"","onvalue":"true","onvalueType":"bool","offvalue":"false","offvalueType":"bool","twofactorpin":"","x":270,"y":300,"wires":[["ebba658f.1f6ba8"]]},{"id":"d34e6b1a.16e798","type":"noraf-light","z":"b57c13d2.f3e5f","devicename":"Back Row Light","lightcolor":false,"brightnesscontrol":false,"commandonlycolor":false,"turnonwhenbrightnesschanges":false,"passthru":false,"statepayload":true,"brightnessoverride":"","roomhint":"Lab 1","name":"","colortype":"hsv","nora":"849fee06.79de1","topic":"","onvalue":"true","onvalueType":"bool","offvalue":"false","offvalueType":"bool","temperaturemin":"2700","temperaturemax":"5500","twofactorpin":"","x":280,"y":460,"wires":[["14a70986.5d0be6"]]},{"id":"1f54a2a4.11234d","type":"noraf-light","z":"b57c13d2.f3e5f","devicename":"Front Light","lightcolor":false,"brightnesscontrol":false,"commandonlycolor":false,"turnonwhenbrightnesschanges":false,"passthru":false,"statepayload":true,"brightnessoverride":"","roomhint":"Lab 1","name":"","colortype":"hsv","nora":"849fee06.79de1","topic":"","onvalue":"true","onvalueType":"bool","offvalue":"false","offvalueType":"bool","temperaturemin":"2700","temperaturemax":"5500","twofactorpin":"","x":270,"y":220,"wires":[["38e98be4.aac894"]]},{"id":"cbcce596.fd1bb8","type":"noraf-switch","z":"435a7720.0096d8","devicename":"Back Row Fan","roomhint":"Lab 2","name":"","passthru":false,"nora":"849fee06.79de1","topic":"","onvalue":"0","onvalueType":"num","offvalue":"1","offvalueType":"num","twofactorpin":"","x":260,"y":380,"wires":[["877fd1ad.d13bd"]]},{"id":"21f0a2f0.4ef4fe","type":"noraf-switch","z":"435a7720.0096d8","devicename":"Projector Plug","roomhint":"Lab 2","name":"","passthru":false,"nora":"849fee06.79de1","topic":"","onvalue":"0","onvalueType":"num","offvalue":"1","offvalueType":"num","twofactorpin":"","x":260,"y":460,"wires":[["734bd9ae.bc6818"]]},{"id":"49ca0848.20ff78","type":"noraf-switch","z":"435a7720.0096d8","devicename":"Front Row Fan","roomhint":"Lab 2","name":"","passthru":false,"nora":"849fee06.79de1","topic":"","onvalue":"0","onvalueType":"num","offvalue":"1","offvalueType":"num","twofactorpin":"","x":260,"y":300,"wires":[["232383f5.d2337c"]]},{"id":"f9e113f7.4fe27","type":"noraf-light","z":"435a7720.0096d8","devicename":"Front Row Light","lightcolor":false,"brightnesscontrol":false,"commandonlycolor":false,"turnonwhenbrightnesschanges":false,"passthru":false,"statepayload":true,"brightnessoverride":"","roomhint":"Lab 2","name":"","colortype":"hsv","nora":"849fee06.79de1","topic":"","onvalue":"0","onvalueType":"num","offvalue":"1","offvalueType":"num","temperaturemin":"2700","temperaturemax":"5500","twofactorpin":"","x":260,"y":220,"wires":[["1cbbfcfc.991f73"]]},{"id":"f29f6eb5.ff8ef","type":"ui_time_scheduler","z":"435a7720.0096d8","group":"fda16908.767528","name":"Lab 2 Scheduler","startDay":0,"refresh":"60","devices":["Front Row Light","Front Row Fan","Back Row Fan","Projector Plug"],"onlySendChange":false,"customPayload":false,"eventMode":false,"eventOptions":[],"sendTopic":false,"lat":"","lon":"","outputs":5,"order":1,"width":0,"height":0,"x":260,"y":100,"wires":[["1cbbfcfc.991f73"],["232383f5.d2337c"],["877fd1ad.d13bd"],[],["734bd9ae.bc6818"]]},{"id":"a9fdf2a3.f55ea","type":"ui_switch","z":"435a7720.0096d8","name":"","label":"Turn All ON/OFF","tooltip":"","group":"56d52318.cb7a0c","order":1,"width":0,"height":0,"passthru":true,"decouple":"false","topic":"topic","topicType":"msg","style":"","onvalue":"0","onvalueType":"num","onicon":"","oncolor":"","offvalue":"1","offvalueType":"num","officon":"","offcolor":"","animate":false,"x":250,"y":560,"wires":[["1cbbfcfc.991f73","232383f5.d2337c","877fd1ad.d13bd","734bd9ae.bc6818"]]}]